[
  {
    "userId": 1,
    "id": 1,
    "title": "task med string id",
    "completed": false,
    "estimat":"3d"
  },
  {
    "userId": 1,
    "id": 2,
    "title": "quis ut nam facilis et officia qui",
    "completed": false,
    "estimat":"31d"
  },
  {
    "userId": 1,
    "id": 3,
    "title": "fugiat veniam minus",
    "completed": false,
    "estimat":"3d"
  },
  {
    "userId": 1,
    "id": 4,
    "title": "task     med    unødvendig    blanks     ",
    "completed": true,
    "estimat":"3d"
    
  },
  {
    "userId": 1,
    "id": 5,
    "title": "laboriosam mollitia et enim quasi adipisci quia provident illum",
    "completed": false,
    "estimat":"1d"
  },
  {
    "userId": 1,
    "id": 6,
    "title": "qui ullam ratione quibusdam voluptatem quia omnis",
    "completed": false,
    "estimat":""
  },
  {
    "userId": 1,
    "id": 7,
    "title": "illo expedita consequatur quia in",
    "completed": false,
    "estimat":"2d"
  },
  {
    "userId": 1,
    "id": 8,
    "title": "quo adipisci enim quam ut ab",
    "completed": true,
    "estimat":"3d"
  },
  {
    "userId": 1,
    "id": 9,
    "title": "molestiae perspiciatis ipsa",
    "completed": false,
    "estimat":"10d"
  },
  {
    "userId": 1,
    "id": 10,
    "title": "illo est ratione doloremque quia maiores aut",
    "completed": true,
    "estimat":"3d"
  },
  {
    "userId": 1,
    "id": 11,
    "title": "vero rerum temporibus dolor",
    "completed": true,
    "estimat":"2d"
  },
  {
    "userId": 1,
    "id": 12,
    "title": "ipsa repellendus fugit nisi",
    "completed": true,
    "estimat":"1d"
  },
  {
    "userId": 1,
    "id": 13,
    "title": "et doloremque nulla",
    "completed": false
    ,
    "estimat":"3d"
  },
  {
    "userId": 1,
    "id": 14,
    "title": "repellendus sunt dolores architecto voluptatum",
    "completed": true
    ,
    "estimat":"5d"
  },
  {
    "userId": 1,
    "id": 15,
    "title": "ab voluptatum amet voluptas",
    "completed": true,
    "estimat":"2d"
  },
  {
    "userId": 1,
    "id": 19,
    "title": "molestiae ipsa aut voluptatibus pariatur dolor nihil",
    "completed": true,
    "estimat":"1d"
  },
  {
    "userId": 1,
    "id": 20,
    "title": "ullam nobis libero sapiente ad optio sint",
    "completed": true,
    "estimat":"1d"
  },
  {
    "userId": 2,
    "id": 21,
    "title": "suscipit repellat esse quibusdam voluptatem incidunt",
    "completed": false,
    "estimat":"3d"
  },
  {
    "userId": 2,
    "id": 22,
    "title": "distinctio vitae autem nihil ut molestias quo",
    "completed": true,
    "estimat":"3d"
  },
  {
    "userId": 2,
    "id": 23,
    "title": "et itaque necessitatibus maxime molestiae qui quas velit",
    "completed": false,
    "estimat":"2d"
  },
  {
    "userId": 2,
    "id": 29,
    "title": "laborum aut in quam",
    "completed": false,
    "estimat":"2d"
  },
  {
    "userId": 2,
    "id": 30,
    "title": "nemo perspiciatis repellat ut dolor libero commodi blanditiis omnis",
    "completed": true,
    "estimat":"2d"
  },
  {
    "userId": 2,
    "id": 31,
    "title": "repudiandae totam in est sint facere fuga",
    "completed": false,
    "estimat":"2d"
  },
  {
    "userId": 2,
    "id": 32,
    "title": "earum doloribus ea doloremque quis",
    "completed": false,
    "estimat":"2d"
  },
  {
    "userId": 2,
    "id": 33,
    "title": "sint sit aut vero",
    "completed": false,
    "estimat":"1d"
  },
  {
    "userId": 2,
    "id": 34,
    "title": "porro aut necessitatibus eaque distinctio",
    "completed": false,
    "estimat":"1d"
  },
  {
    "userId": 2,
    "id": 35,
    "title": "repellendus veritatis molestias dicta incidunt",
    "completed": true,
    "estimat":"1d"
  },
  {
    "userId": 2,
    "id": 36,
    "title": "excepturi deleniti adipisci voluptatem et neque optio illum ad",
    "completed": true,
    "estimat":"1d"
  },
  {
    "userId": 2,
    "id": 37,
    "title": "sunt cum tempora",
    "completed": false,
    "estimat":"4d"
  },
  {
    "userId": 2,
    "id": 38,
    "title": "totam quia non",
    "completed": false,
    "estimat":"1d"
  },
  {
    "userId": 2,
    "id": 39,
    "title": "doloremque quibusdam asperiores libero corrupti illum qui omnis",
    "completed": false,
    "estimat":"5d"
  },
  {
    "userId": 2,
    "id": 40,
    "title": "totam atque quo nesciunt",
    "completed": true,
    "estimat":"4d"
  },
  {
    "userId": 3,
    "id": 41,
    "title": "aliquid amet impedit consequatur aspernatur placeat eaque fugiat suscipit",
    "completed": false,
    "estimat":""
  },
  {
    "userId": 3,
    "id": 44,
    "title": "cum debitis quis accusamus doloremque ipsa natus sapiente omnis",
    "completed": true,
    "estimat":"1d"
  },
  {
    "userId": 3,
    "id": 45,
    "title": "velit soluta adipisci molestias reiciendis harum",
    "completed": false,
    "estimat":"1d"
  },
  {
    "userId": 3,
    "id": 46,
    "title": "vel voluptatem repellat nihil placeat corporis",
    "completed": false,
    "estimat":"1d"
  },
  {
    "userId": 3,
    "id": 47,
    "title": "nam qui rerum fugiat accusamus",
    "completed": false,
    "estimat":"1d"
  },
  {
    "userId": 3,
    "id": 48,
    "title": "sit reprehenderit omnis quia",
    "completed": false,
    "estimat":"1d"
  },
  {
    "userId": 3,
    "id": 49,
    "title": "ut necessitatibus aut maiores debitis officia blanditiis velit et",
    "completed": false,
    "estimat":"1d"
  },
  {
    "userId": 3,
    "id": 50,
    "title": "cupiditate necessitatibus ullam aut quis dolor voluptate",
    "completed": true,
    "estimat":"1d"
  },
  {
    "userId": 3,
    "id": 51,
    "title": "distinctio exercitationem ab doloribus",
    "completed": false,
    "estimat":"2d"
  },
  {
    "userId": 3,
    "id": 52,
    "title": "nesciunt dolorum quis recusandae ad pariatur ratione",
    "completed": false,
    "estimat":"2d"
  },
  {
    "userId": 3,
    "id": 53,
    "title": "qui labore est occaecati recusandae aliquid quam",
    "completed": false,
    "estimat":"2d"
  },
  {
    "userId": 3,
    "id": 54,
    "title": "quis et est ut voluptate quam dolor",
    "completed": true,
    "estimat":"3d"
  },
  {
    "userId": 3,
    "id": 55,
    "title": "voluptatum omnis minima qui occaecati provident nulla voluptatem ratione",
    "completed": true,
    "estimat":"3d"
  },
  {
    "userId": 3,
    "id": 56,
    "title": "deleniti ea temporibus enim",
    "completed": true,
    "estimat":"3d"
  },
  {
    "userId": 3,
    "id": 57,
    "title": "pariatur et magnam ea doloribus similique voluptatem rerum quia",
    "completed": false,
    "estimat":"3d"
  },
  {
    "userId": 3,
    "id": 58,
    "title": "est dicta totam qui explicabo doloribus qui dignissimos",
    "completed": false,
    "estimat":"3d"
  },
  {
    "userId": 3,
    "id": 59,
    "title": "perspiciatis velit id laborum placeat iusto et aliquam odio",
    "completed": false,
    "estimat":"3d"
  },
  {
    "userId": 3,
    "id": 60,
    "title": "et sequi qui architecto ut adipisci",
    "completed": true,
    "estimat":"1d"
  },
  {
    "userId": 4,
    "id": 61,
    "title": "odit optio omnis qui sunt",
    "completed": true,
    "estimat":"1d"
  },
  {
    "userId": 4,
    "id": 70,
    "title": "ut sequi accusantium et mollitia delectus sunt",
    "completed": false,
    "estimat":"1d"
  },
  {
    "userId": 4,
    "id": 71,
    "title": "aut velit saepe ullam",
    "completed": false,
    "estimat":"1d"
  },
  {
    "userId": 4,
    "id": 72,
    "title": "praesentium facilis facere quis harum voluptatibus voluptatem eum",
    "completed": false,
    "estimat":"1d"
  },
  {
    "userId": 4,
    "id": 73,
    "title": "sint amet quia totam corporis qui exercitationem commodi",
    "completed": true,
    "estimat":"1d"
  },
  {
    "userId": 4,
    "id": 74,
    "title": "expedita tempore nobis eveniet laborum maiores",
    "completed": false,
    "estimat":"1d"
  },
  {
    "userId": 4,
    "id": 75,
    "title": "occaecati adipisci est possimus totam",
    "completed": false,
    "estimat":"1d"
  },
  {
    "userId": 4,
    "id": 76,
    "title": "sequi dolorem sed",
    "completed": true,
    "estimat":"1d"
  },
  {
    "userId": 4,
    "id": 77,
    "title": "maiores aut nesciunt delectus exercitationem vel assumenda eligendi at",
    "completed": false,
    "estimat":"1d"
  },
  {
    "userId": 4,
    "id": 78,
    "title": "reiciendis est magnam amet nemo iste recusandae impedit quaerat",
    "completed": false,
    "estimat":"1d"
  },
  {
    "userId": 4,
    "id": 79,
    "title": "eum ipsa maxime ut",
    "completed": true,
    "estimat":"1d"
  },
  {
    "userId": 4,
    "id": 80,
    "title": "tempore molestias dolores rerum sequi voluptates ipsum consequatur",
    "completed": true,
    "estimat":"4d"
  },
  {
    "userId": 5,
    "id": 81,
    "title": "suscipit qui totam",
    "completed": true,
    "estimat":"4d"
  },
  {
    "userId": 5,
    "id": 82,
    "title": "voluptates eum voluptas et dicta",
    "completed": false,
    "estimat":"4d"
  },
  {
    "userId": 5,
    "id": 83,
    "title": "quidem at rerum quis ex aut sit quam",
    "completed": true,
    "estimat":"4d"
  },
  {
    "userId": 5,
    "id": 89,
    "title": "sequi ut omnis et",
    "completed": true,
    "estimat":"4d"
  },
  {
    "userId": 5,
    "id": 90,
    "title": "molestiae nisi accusantium tenetur dolorem et",
    "completed": true,
    "estimat":"3d"
  },
  {
    "userId": 5,
    "id": 91,
    "title": "nulla quis consequatur saepe qui id expedita",
    "completed": true,
    "estimat":"3d"
  },
  {
    "userId": 5,
    "id": 92,
    "title": "in omnis laboriosam",
    "completed": true,
    "estimat":"3d"
  },
  {
    "userId": 5,
    "id": 93,
    "title": "odio iure consequatur molestiae quibusdam necessitatibus quia sint",
    "completed": true,
    "estimat":"3d"
  },
  {
    "userId": 5,
    "id": 94,
    "title": "facilis modi saepe mollitia",
    "completed": false,
    "estimat":"3d"
  },
  {
    "userId": 5,
    "id": 95,
    "title": "vel nihil et molestiae iusto assumenda nemo quo ut",
    "completed": true,
    "estimat":"3d"
  },
  {
    "userId": 5,
    "id": 96,
    "title": "nobis suscipit ducimus enim asperiores voluptas",
    "completed": false,
    "estimat":"3d"
  },
  {
    "userId": 5,
    "id": 97,
    "title": "dolorum laboriosam eos qui iure aliquam",
    "completed": false,
    "estimat":"3d"
  },
  {
    "userId": 5,
    "id": 98,
    "title": "debitis accusantium ut quo facilis nihil quis sapiente necessitatibus",
    "completed": true,
    "estimat":"3d"
  },
  {
    "userId": 5,
    "id": 99,
    "title": "neque voluptates ratione",
    "completed": false,
    "estimat":"3d"
  },
  {
    "userId": 5,
    "id": 100,
    "title": "excepturi a et neque qui expedita vel voluptate",
    "completed": false,
    "estimat":"3d"
  },
  {
    "userId": 6,
    "id": 101,
    "title": "explicabo enim cumque porro aperiam occaecati minima",
    "completed": false,
    "estimat":"3d"
  },
  {
    "userId": 6,
    "id": 103,
    "title": "non sunt delectus illo nulla tenetur enim omnis",
    "completed": false,
    "estimat":"3d"
  },
  {
    "userId": 6,
    "id": 104,
    "title": "excepturi non laudantium quo",
    "completed": false,
    "estimat":"1d"
  },
  {
    "userId": 6,
    "id": 105,
    "title": "totam quia dolorem et illum repellat voluptas optio",
    "completed": true,
    "estimat":"1d"
  },
  {
    "userId": 6,
    "id": 106,
    "title": "ad illo quis voluptatem temporibus",
    "completed": true,
    "estimat":"1d"
  },
  {
    "userId": 6,
    "id": 107,
    "title": "praesentium facilis omnis laudantium fugit ad iusto nihil nesciunt",
    "completed": false,
    "estimat":"1d"
  },
  {
    "userId": 6,
    "id": 108,
    "title": "a eos eaque nihil et exercitationem incidunt delectus",
    "completed": true,
    "estimat":"1d"
  },
  {
    "userId": 6,
    "id": 109,
    "title": "autem temporibus harum quisquam in culpa",
    "completed": true,
    "estimat":"1d"
  },
  {
    "userId": 6,
    "id": 110,
    "title": "aut aut ea corporis",
    "completed": true,
    "estimat":"1d"
  },
  {
    "userId": 6,
    "id": 111,
    "title": "magni accusantium labore et id quis provident",
    "completed": false,
    "estimat":"1d"
  },
  {
    "userId": 6,
    "id": 112,
    "title": "consectetur impedit quisquam qui deserunt non rerum consequuntur eius",
    "completed": false,
    "estimat":"1d"
  },
  {
    "userId": 6,
    "id": 113,
    "title": "quia atque aliquam sunt impedit voluptatum rerum assumenda nisi",
    "completed": false,
    "estimat":"1d"
  },
  {
    "userId": 6,
    "id": 114,
    "title": "cupiditate quos possimus corporis quisquam exercitationem beatae",
    "completed": false,
    "estimat":"1d"
  },
  {
    "userId": 6,
    "id": 115,
    "title": "sed et ea eum",
    "completed": false,
    "estimat":"1d"
  },
  {
    "userId": 6,
    "id": 116,
    "title": "ipsa dolores vel facilis ut",
    "completed": true,
    "estimat":"1d"
  },
  {
    "userId": 6,
    "id": 117,
    "title": "sequi quae est et qui qui eveniet asperiores",
    "completed": false,
    "estimat":"1d"
  },
  {
    "userId": 6,
    "id": 118,
    "title": "quia modi consequatur vero fugiat",
    "completed": false,
    "estimat":"1d"
  },
  {
    "userId": 6,
    "id": 119,
    "title": "corporis ducimus ea perspiciatis iste",
    "completed": false,
    "estimat":"1d"
  },
  {
    "userId": 6,
    "id": 120,
    "title": "dolorem laboriosam vel voluptas et aliquam quasi",
    "completed": false,
    "estimat":"1d"
  },
  {
    "userId": 7,
    "id": 129,
    "title": "rerum culpa quis harum",
    "completed": false,
    "estimat":"1d"
  },
  {
    "userId": 7,
    "id": 130,
    "title": "nulla aliquid eveniet harum laborum libero alias ut unde",
    "completed": true,
    "estimat":"2d"
  },
  {
    "userId": 7,
    "id": 131,
    "title": "qui ea incidunt quis",
    "completed": false,
    "estimat":"2d"
  },
  {
    "userId": 7,
    "id": 132,
    "title": "qui molestiae voluptatibus velit iure harum quisquam",
    "completed": true,
    "estimat":"2d"
  },
  {
    "userId": 7,
    "id": 133,
    "title": "et labore eos enim rerum consequatur sunt",
    "completed": true,
    "estimat":"2d"
  },
  {
    "userId": 7,
    "id": 134,
    "title": "molestiae doloribus et laborum quod ea",
    "completed": false,
    "estimat":"2d"
  },
  {
    "userId": 7,
    "id": 135,
    "title": "facere ipsa nam eum voluptates reiciendis vero qui",
    "completed": false,
    "estimat":"2d"
  },
  {
    "userId": 7,
    "id": 136,
    "title": "asperiores illo tempora fuga sed ut quasi adipisci",
    "completed": false,
    "estimat":"2d"
  },
  {
    "userId": 7,
    "id": 137,
    "title": "qui sit non",
    "completed": false,
    "estimat":"2d"
  },
  {
    "userId": 7,
    "id": 138,
    "title": "placeat minima consequatur rem qui ut",
    "completed": true,
    "estimat":"2d"
  },
  {
    "userId": 7,
    "id": 139,
    "title": "consequatur doloribus id possimus voluptas a voluptatem",
    "completed": false,
    "estimat":"2d"
  },
  {
    "userId": 7,
    "id": 140,
    "title": "aut consectetur in blanditiis deserunt quia sed laboriosam",
    "completed": true,
    "estimat":"2d"
  },
  {
    "userId": 8,
    "id": 144,
    "title": "ut eum exercitationem sint",
    "completed": false,
    "estimat":"2d"
  },
  {
    "userId": 8,
    "id": 145,
    "title": "beatae qui ullam incidunt voluptatem non nisi aliquam",
    "completed": false,
    "estimat":"2d"
  },
  {
    "userId": 8,
    "id": 146,
    "title": "molestiae suscipit ratione nihil odio libero impedit vero totam",
    "completed": true,
    "estimat":"2d"
  },
  {
    "userId": 8,
    "id": 147,
    "title": "eum itaque quod reprehenderit et facilis dolor autem ut",
    "completed": true,
    "estimat":"2d"
  },
  {
    "userId": 8,
    "id": 148,
    "title": "esse quas et quo quasi exercitationem",
    "completed": false,
    "estimat":"2d"
  },
  {
    "userId": 8,
    "id": 149,
    "title": "animi voluptas quod perferendis est",
    "completed": false,
    "estimat":"2d"
  },
  {
    "userId": 8,
    "id": 150,
    "title": "eos amet tempore laudantium fugit a",
    "completed": false,
    "estimat":"2d"
  },
  {
    "userId": 8,
    "id": 151,
    "title": "accusamus adipisci dicta qui quo ea explicabo sed vero",
    "completed": true,
    "estimat":"2d"
  },
  {
    "userId": 8,
    "id": 152,
    "title": "odit eligendi recusandae doloremque cumque non",
    "completed": false,
    "estimat":"2d"
  },
  {
    "userId": 8,
    "id": 153,
    "title": "ea aperiam consequatur qui repellat eos",
    "completed": false,
    "estimat":"2d"
  },
  {
    "userId": 8,
    "id": 154,
    "title": "rerum non ex sapiente",
    "completed": true,
    "estimat":"2d"
  },
  {
    "userId": 8,
    "id": 155,
    "title": "voluptatem nobis consequatur et assumenda magnam",
    "completed": true,
    "estimat":"2d"
  },
  {
    "userId": 8,
    "id": 156,
    "title": "nam quia quia nulla repellat assumenda quibusdam sit nobis",
    "completed": true,
    "estimat":"2d"
  },
  {
    "userId": 8,
    "id": 157,
    "title": "dolorem veniam quisquam deserunt repellendus",
    "completed": true,
    "estimat":"2d"
  },
  {
    "userId": 8,
    "id": 158,
    "title": "debitis vitae delectus et harum accusamus aut deleniti a",
    "completed": true,
    "estimat":"2d"
  },
  {
    "userId": 8,
    "id": 159,
    "title": "debitis adipisci quibusdam aliquam sed dolore ea praesentium nobis",
    "completed": true,
    "estimat":"1d"
  },
  {
    "userId": 8,
    "id": 160,
    "title": "et praesentium aliquam est",
    "completed": false,
    "estimat":"1d"
  },
  {
    "userId": 9,
    "id": 161,
    "title": "ex hic consequuntur earum omnis alias ut occaecati culpa",
    "completed": true,
    "estimat":"1d"
  },
  {
    "userId": 9,
    "id": 162,
    "title": "omnis laboriosam molestias animi sunt dolore",
    "completed": true,
    "estimat":"1d"
  },
  {
    "userId": 9,
    "id": 169,
    "title": "ea odio perferendis officiis",
    "completed": true,
    "estimat":"1d"
  },
  {
    "userId": 9,
    "id": 170,
    "title": "quisquam aliquam quia doloribus aut",
    "completed": false,
    "estimat":"1d"
  },
  {
    "userId": 9,
    "id": 171,
    "title": "fugiat aut voluptatibus corrupti deleniti velit iste odio",
    "completed": true,
    "estimat":"1d"
  },
  {
    "userId": 9,
    "id": 172,
    "title": "et provident amet rerum consectetur et voluptatum",
    "completed": false,
    "estimat":"1d"
  },
  {
    "userId": 9,
    "id": 173,
    "title": "harum ad aperiam quis",
    "completed": false,
    "estimat":"1d"
  },
  {
    "userId": 9,
    "id": 174,
    "title": "similique aut quo",
    "completed": false,
    "estimat":"1d"
  },
  {
    "userId": 9,
    "id": 175,
    "title": "laudantium eius officia perferendis provident perspiciatis asperiores",
    "completed": true,
    "estimat":"1d"
  },
  {
    "userId": 9,
    "id": 176,
    "title": "magni soluta corrupti ut maiores rem quidem",
    "completed": false,
    "estimat":"1d"
  },
  {
    "userId": 9,
    "id": 177,
    "title": "et placeat temporibus voluptas est tempora quos quibusdam",
    "completed": false,
    "estimat":"1d"
  },
  {
    "userId": 9,
    "id": 178,
    "title": "nesciunt itaque commodi tempore",
    "completed": true,
    "estimat":"1d"
  },
  {
    "userId": 9,
    "id": 179,
    "title": "omnis consequuntur cupiditate impedit itaque ipsam quo",
    "completed": true,
    "estimat":"1d"
  },
  {
    "userId": 9,
    "id": 180,
    "title": "debitis nisi et dolorem repellat et",
    "completed": true,
    "estimat":"1d"
  }
]